Date,Sum,New,DON,COVID_WER,SitRep,W_Sit
1/1/20,0,0,NO,NO,NO,NO
1/2/20,0,0,NO,NO,NO,NO
1/3/20,0,0,NO,NO,NO,NO
1/4/20,0,0,NO,NO,NO,NO
1/5/20,0,0,COVID,NO,NO,NO
1/6/20,0,0,NO,NO,NO,NO
1/7/20,0,0,NO,NO,NO,NO
1/8/20,0,0,NO,NO,NO,NO
1/9/20,0,0,NO,NO,NO,NO
1/10/20,0,0,NO,NO,NO,NO
1/11/20,0,0,NO,NO,NO,NO
1/12/20,0,0,COVID,NO,NO,NO
1/13/20,0,0,NO,NO,NO,NO
1/14/20,0,0,COVID,NO,NO,NO
1/15/20,0,0,NO,NO,NO,NO
1/16/20,0,0,OTHER,NO,NO,NO
1/17/20,0,0,COVID,NO,NO,NO
1/18/20,0,0,NO,NO,NO,NO
1/19/20,0,0,NO,NO,NO,NO
1/20/20,0,0,NO,NO,NO,NO
1/21/20,0,0,COVID,NO,Daily,NO
1/22/20,557,557,NO,NO,Daily,NO
1/23/20,657,100,OTHER,NO,Daily,NO
1/24/20,944,287,NO,NO,Daily,NO
1/25/20,1437,493,NO,NO,Daily,NO
1/26/20,2120,683,NO,NO,Daily,NO
1/27/20,2929,809,NO,NO,Daily,NO
1/28/20,5580,2651,NO,NO,Daily,NO
1/29/20,6169,589,NO,NO,Daily,NO
1/30/20,8237,2068,OTHER,NO,Daily,NO
1/31/20,9927,1690,OTHER,NO,Daily,NO
2/1/20,12038,2111,NO,NO,Daily,NO
2/2/20,16787,4749,NO,NO,Daily,NO
2/3/20,19887,3100,NO,NO,Daily,NO
2/4/20,23899,4012,NO,NO,Daily,NO
2/5/20,27644,3745,NO,NO,Daily,NO
2/6/20,30806,3162,OTHER,NO,Daily,NO
2/7/20,34400,3594,NO,NO,Daily,NO
2/8/20,37131,2731,NO,NO,Daily,NO
2/9/20,40162,3031,NO,NO,Daily,NO
2/10/20,42771,2609,NO,NO,Daily,NO
2/11/20,44814,2043,NO,NO,Daily,NO
2/12/20,45232,418,NO,NO,Daily,NO
2/13/20,60384,15152,OTHER,NO,Daily,NO
2/14/20,66912,6528,NO,NO,Daily,NO
2/15/20,69055,2143,NO,NO,Daily,NO
2/16/20,71238,2183,NO,NO,Daily,NO
2/17/20,73273,2035,NO,NO,Daily,NO
2/18/20,75155,1882,NO,NO,Daily,NO
2/19/20,75655,500,NO,NO,Daily,NO
2/20/20,76216,561,OTHER,NO,Daily,NO
2/21/20,76846,630,OTHER,YES,Daily,NO
2/22/20,78608,1762,OTHER,NO,Daily,NO
2/23/20,78990,382,NO,NO,Daily,NO
2/24/20,79558,568,OTHER,NO,Daily,NO
2/25/20,80412,854,NO,NO,Daily,NO
2/26/20,81384,972,NO,NO,Daily,NO
2/27/20,82728,1344,OTHER,NO,Daily,NO
2/28/20,84152,1424,NO,YES,Daily,NO
2/29/20,86023,1871,NO,NO,Daily,NO
3/1/20,88402,2379,NO,NO,Daily,NO
3/2/20,90382,1980,NO,NO,Daily,NO
3/3/20,92994,2612,NO,NO,Daily,NO
3/4/20,95338,2344,OTHER,NO,Daily,NO
3/5/20,98078,2740,OTHER,NO,Daily,NO
3/6/20,102062,3984,NO,YES,Daily,NO
3/7/20,106199,4137,NO,NO,Daily,NO
3/8/20,109997,3798,NO,NO,Daily,NO
3/9/20,114292,4295,NO,NO,Daily,NO
3/10/20,119051,4759,OTHER,NO,Daily,NO
3/11/20,126527,7476,NO,NO,Daily,NO
3/12/20,133283,6756,OTHER,NO,Daily,NO
3/13/20,146477,13194,NO,YES,Daily,NO
3/14/20,157365,10888,NO,NO,Daily,NO
3/15/20,168598,11233,NO,NO,Daily,NO
3/16/20,183165,14567,NO,NO,Daily,NO
3/17/20,198339,15174,NO,NO,Daily,NO
3/18/20,215900,17561,NO,NO,Daily,NO
3/19/20,242987,27087,OTHER,NO,Daily,NO
3/20/20,272517,29530,NO,YES,Daily,NO
3/21/20,304944,32427,NO,NO,Daily,NO
3/22/20,339156,34212,NO,NO,Daily,NO
3/23/20,381711,42555,NO,NO,Daily,NO
3/24/20,423594,41883,NO,NO,Daily,NO
3/25/20,475075,51481,NO,NO,Daily,NO
3/26/20,535889,60814,OTHER,NO,Daily,NO
3/27/20,599820,63931,NO,YES,Daily,NO
3/28/20,669402,69582,NO,NO,Daily,NO
3/29/20,725918,56516,NO,NO,Daily,NO
3/30/20,790929,65011,NO,NO,Daily,NO
3/31/20,869371,78442,NO,NO,Daily,NO
4/1/20,955728,86357,NO,NO,Daily,NO
4/2/20,1038176,82448,OTHER,NO,Daily,NO
4/3/20,1122386,84210,NO,YES,Daily,NO
4/4/20,1182507,60121,NO,NO,Daily,NO
4/5/20,1254222,71715,NO,NO,Daily,NO
4/6/20,1328948,74726,NO,NO,Daily,NO
4/7/20,1397886,68938,NO,NO,Daily,NO
4/8/20,1480062,82176,OTHER,NO,Daily,NO
4/9/20,1567243,87181,OTHER,NO,Daily,NO
4/10/20,1653665,86422,NO,YES,Daily,NO
4/11/20,1729180,75515,NO,NO,Daily,NO
4/12/20,1847761,118581,NO,NO,Daily,NO
4/13/20,1919593,71832,NO,NO,Daily,NO
4/14/20,2004226,84633,NO,NO,Daily,NO
4/15/20,2082482,78256,NO,NO,Daily,NO
4/16/20,2176950,94468,OTHER,NO,Daily,NO
4/17/20,2264830,87880,NO,YES,Daily,NO
4/18/20,2343082,78252,OTHER,NO,Daily,NO
4/19/20,2419404,76322,NO,NO,Daily,NO
4/20/20,2495886,76482,NO,NO,Daily,NO
4/21/20,2571973,76087,NO,NO,Daily,NO
4/22/20,2654011,82038,OTHER,NO,Daily,NO
4/23/20,2736728,82717,OTHER,NO,Daily,NO
4/24/20,2820291,83563,NO,YES,Daily,NO
4/25/20,2903496,83205,NO,NO,Daily,NO
4/26/20,2974291,70795,NO,NO,Daily,NO
4/27/20,3045275,70984,NO,NO,Daily,NO
4/28/20,3121107,75832,NO,NO,Daily,NO
4/29/20,3198435,77328,NO,NO,Daily,NO
4/30/20,3282087,83652,OTHER,NO,Daily,NO
5/1/20,3371033,88946,NO,YES,Daily,NO
5/2/20,3449295,78262,NO,NO,Daily,NO
5/3/20,3523292,73997,NO,NO,Daily,NO
5/4/20,3600929,77637,NO,NO,Daily,NO
5/5/20,3680614,79685,OTHER,NO,Daily,NO
5/6/20,3771036,90422,OTHER,NO,Daily,NO
5/7/20,3860174,89138,OTHER,NO,Daily,NO
5/8/20,3950657,90483,NO,YES,Daily,NO
5/9/20,4035000,84343,NO,NO,Daily,NO
5/10/20,4110223,75223,NO,NO,Daily,NO
5/11/20,4186364,76141,NO,NO,Daily,NO
5/12/20,4271644,85280,NO,NO,Daily,NO
5/13/20,4355992,84348,NO,NO,Daily,NO
5/14/20,4451634,95642,OTHER,NO,Daily,NO
5/15/20,4547536,95902,NO,YES,Daily,NO
5/16/20,4641426,93890,NO,NO,Daily,NO
5/17/20,4719789,78363,NO,NO,Daily,NO
5/18/20,4808921,89132,NO,NO,Daily,NO
5/19/20,4904739,95818,NO,NO,Daily,NO
5/20/20,5010162,105423,NO,NO,Daily,NO
5/21/20,5116135,105973,OTHER,NO,Daily,NO
5/22/20,5223477,107342,NO,YES,Daily,NO
5/23/20,5327627,104150,NO,NO,Daily,NO
5/24/20,5420843,93216,NO,NO,Daily,NO
5/25/20,5509066,88223,OTHER,NO,Daily,NO
5/26/20,5601428,92362,NO,NO,Daily,NO
5/27/20,5703984,102556,NO,NO,Daily,NO
5/28/20,5823977,119993,OTHER,NO,Daily,NO
5/29/20,5945413,121436,NO,YES,Daily,NO
5/30/20,6080456,135043,NO,NO,Daily,NO
5/31/20,6183316,102860,NO,NO,Daily,NO
6/1/20,6283580,100264,NO,NO,Daily,NO
6/2/20,6406221,122641,NO,NO,Daily,NO
6/3/20,6517437,111216,OTHER,NO,Daily,NO
6/4/20,6655667,138230,OTHER,NO,Daily,NO
6/5/20,6789073,133406,OTHER,YES,Daily,NO
6/6/20,6918403,129330,NO,NO,Daily,NO
6/7/20,7029415,111012,NO,NO,Daily,NO
6/8/20,7132463,103048,NO,NO,Daily,NO
6/9/20,7258445,125982,NO,NO,Daily,NO
6/10/20,7395607,137162,NO,NO,Daily,NO
6/11/20,7531793,136186,OTHER,NO,Daily,NO
6/12/20,7659267,127474,NO,YES,Daily,NO
6/13/20,7793175,133908,NO,NO,Daily,NO
6/14/20,7925122,131947,NO,NO,Daily,NO
6/15/20,8050034,124912,NO,NO,Daily,NO
6/16/20,8193933,143899,NO,NO,Daily,NO
6/17/20,8337135,143202,OTHER,NO,Daily,NO
6/18/20,8480229,143094,OTHER,NO,Daily,NO
6/19/20,8661225,180996,NO,YES,Daily,NO
6/20/20,8847108,185883,NO,NO,Daily,NO
6/21/20,8940170,93062,NO,NO,Daily,NO
6/22/20,9082502,142332,NO,NO,Daily,NO
6/23/20,9250625,168123,NO,NO,Daily,NO
6/24/20,9422061,171436,NO,NO,Daily,NO
6/25/20,9601576,179515,NO,NO,Daily,NO
6/26/20,9794066,192490,OTHER,YES,Daily,NO
6/27/20,9970478,176412,NO,NO,Daily,NO
6/28/20,10138935,168457,NO,NO,Daily,NO
6/29/20,10291617,152682,NO,NO,Daily,NO
6/30/20,10475388,183771,NO,NO,Daily,NO
7/1/20,10690516,215128,NO,NO,Daily,NO
7/2/20,10895486,204970,OTHER,NO,Daily,NO
7/3/20,11098124,202638,NO,YES,Daily,NO
7/4/20,11287838,189714,NO,NO,Daily,NO
7/5/20,11474058,186220,NO,NO,Daily,NO
7/6/20,11642331,168273,NO,NO,Daily,NO
7/7/20,11851900,209569,NO,NO,Daily,NO
7/8/20,12067186,215286,NO,NO,Daily,NO
7/9/20,12291782,224596,OTHER,NO,Daily,NO
7/10/20,12524663,232881,NO,YES,Daily,NO
7/11/20,12737483,212820,NO,NO,Daily,NO
7/12/20,12930415,192932,NO,NO,Daily,NO
7/13/20,13124893,194478,NO,NO,Daily,NO
7/14/20,13345920,221027,NO,NO,Daily,NO
7/15/20,13575706,229786,NO,NO,Daily,NO
7/16/20,13820618,244912,NO,NO,Daily,NO
7/17/20,14058038,237420,NO,YES,Daily,NO
7/18/20,14293379,235341,NO,NO,Daily,NO
7/19/20,14505270,211891,NO,NO,Daily,NO
7/20/20,14713414,208144,NO,NO,Daily,NO
7/21/20,14956435,243021,NO,NO,Daily,NO
7/22/20,15231791,275356,NO,NO,Daily,NO
7/23/20,15511422,279631,OTHER,NO,Daily,NO
7/24/20,15794928,283506,NO,YES,Daily,NO
7/25/20,16044485,249557,NO,NO,Daily,NO
7/26/20,16256294,211809,NO,NO,Daily,NO
7/27/20,16490680,234386,NO,NO,Daily,NO
7/28/20,16754567,263887,NO,NO,Daily,NO
7/29/20,17024801,270234,NO,NO,Daily,NO
7/30/20,17306582,281781,NO,NO,Daily,NO
7/31/20,17594044,287462,NO,YES,Daily,NO
8/1/20,17840315,246271,OTHER,NO,Daily,NO
8/2/20,18070926,230611,NO,NO,Daily,NO
8/3/20,18276983,206057,NO,NO,Daily,NO
8/4/20,18542287,265304,NO,NO,Daily,NO
8/5/20,18817443,275156,NO,NO,Daily,NO
8/6/20,19104145,286702,NO,NO,Daily,NO
8/7/20,19386579,282434,NO,YES,Daily,NO
8/8/20,19651806,265227,NO,NO,Daily,NO
8/9/20,19884801,232995,NO,NO,Daily,NO
8/10/20,20118013,233212,NO,NO,Daily,NO
8/11/20,20383576,265563,NO,NO,Daily,NO
8/12/20,20658646,275070,NO,NO,Daily,NO
8/13/20,20948740,290094,NO,NO,Daily,NO
8/14/20,21255813,307073,NO,YES,Daily,NO
8/15/20,21504839,249026,NO,NO,Daily,NO
8/16/20,21714880,210041,NO,NO,Daily,NO
8/17/20,21927762,212882,NO,NO,Weekly,YES
8/18/20,22187166,259404,NO,NO,NO,NO
8/19/20,22464640,277474,NO,NO,NO,NO
8/20/20,22736119,271479,NO,NO,NO,NO
8/21/20,22998072,261953,NO,YES,NO,NO
8/22/20,23261601,263529,NO,NO,NO,NO
8/23/20,23464360,202759,NO,NO,NO,NO
8/24/20,23692460,228100,NO,NO,Weekly,YES
8/25/20,23937668,245208,NO,NO,NO,NO
8/26/20,24219359,281691,NO,NO,NO,NO
8/27/20,24506622,287263,NO,NO,NO,NO
8/28/20,24790561,283939,NO,YES,NO,NO
8/29/20,25051295,260734,NO,NO,NO,NO
8/30/20,25271033,219738,NO,NO,NO,NO
8/31/20,25535340,264307,NO,NO,Weekly,YES
9/1/20,25802224,266884,OTHER,NO,NO,NO
9/2/20,26084114,281890,NO,NO,NO,NO
9/3/20,26369544,285430,OTHER,NO,NO,NO
9/4/20,26671276,301732,NO,YES,NO,NO
9/5/20,26944997,273721,NO,NO,NO,NO
9/6/20,27173995,228998,NO,NO,NO,NO
9/7/20,27391278,217283,NO,NO,Weekly,YES
9/8/20,27637790,246512,NO,NO,NO,NO
9/9/20,27923100,285310,NO,NO,NO,NO
9/10/20,28227493,304393,NO,NO,NO,NO
9/11/20,28543855,316362,NO,YES,NO,NO
9/12/20,28832580,288725,NO,NO,NO,NO
9/13/20,29081415,248835,NO,NO,NO,NO
9/14/20,29348555,267140,NO,NO,Weekly,YES
9/15/20,29629107,280552,NO,NO,NO,NO
9/16/20,29934059,304952,NO,NO,NO,NO
9/17/20,30249632,315573,NO,NO,NO,NO
9/18/20,30576278,326646,NO,YES,NO,NO
9/19/20,30869397,293119,NO,NO,NO,NO
9/20/20,31124526,255129,NO,NO,NO,NO
9/21/20,31384435,259909,NO,NO,Weekly,YES
9/22/20,31668754,284319,NO,NO,NO,NO
9/23/20,31980407,311653,NO,NO,NO,NO
9/24/20,32301360,320953,OTHER,NO,NO,NO
9/25/20,32631974,330614,NO,YES,NO,NO
9/26/20,32918085,286111,NO,NO,NO,NO
9/27/20,33165079,246994,NO,NO,NO,NO
9/28/20,33426328,261249,NO,NO,Weekly,YES
9/29/20,33709128,282800,NO,NO,NO,NO
9/30/20,34033675,324547,NO,NO,NO,NO
10/1/20,34352787,319112,OTHER,NO,NO,NO
10/2/20,34682292,329505,NO,NO,NO,NO
10/3/20,34979647,297355,NO,NO,NO,NO
10/4/20,35240179,260532,NO,NO,NO,NO
10/5/20,35551524,311345,NO,NO,Weekly,YES
10/6/20,35867647,316123,NO,NO,NO,NO
10/7/20,36216841,349194,NO,NO,NO,NO
10/8/20,36576162,359321,NO,NO,NO,NO
10/9/20,36936565,360403,NO,NO,NO,NO
10/10/20,37292089,355524,NO,NO,NO,NO
10/11/20,37581583,289494,NO,NO,NO,NO
10/12/20,37871608,290025,NO,NO,Weekly,YES
10/13/20,38190980,319372,NO,NO,NO,NO
10/14/20,38571764,380784,NO,NO,NO,NO
10/15/20,38978760,406996,NO,NO,NO,NO
10/16/20,39389280,410520,NO,NO,NO,NO
10/17/20,39761413,372133,NO,NO,NO,NO
10/18/20,40092656,331243,NO,NO,NO,NO
10/19/20,40467606,374950,NO,NO,Weekly,YES
10/20/20,40856480,388874,NO,NO,NO,NO
10/21/20,41296091,439611,NO,NO,NO,NO
10/22/20,41778168,482077,NO,NO,NO,NO
10/23/20,42272069,493901,NO,NO,NO,NO
10/24/20,42728414,456345,OTHER,NO,NO,NO
10/25/20,43087247,358833,NO,NO,NO,NO
10/26/20,43570291,483044,NO,NO,Weekly,YES
10/27/20,44038754,468463,NO,NO,NO,NO
10/28/20,44560523,521769,NO,NO,NO,NO
10/29/20,45111898,551375,NO,NO,NO,NO
10/30/20,45683640,571742,NO,NO,NO,NO
10/31/20,46155745,472105,NO,NO,NO,NO
11/1/20,46594934,439189,NO,NO,NO,NO
11/2/20,47143303,548369,NO,NO,Weekly,YES
11/3/20,47708817,565514,NO,NO,NO,NO
11/4/20,48200961,492144,NO,NO,NO,NO
11/5/20,48820295,619334,NO,NO,NO,NO
11/6/20,49443478,623183,COVID,NO,NO,NO
11/7/20,50042669,599191,NO,NO,NO,NO
11/8/20,50533518,490849,NO,NO,NO,NO
11/9/20,51043324,509806,NO,NO,Weekly,YES
11/10/20,51614069,570745,NO,NO,NO,NO
11/11/20,52238734,624665,NO,NO,NO,NO
11/12/20,52878929,640195,NO,NO,NO,NO
11/13/20,53539863,660934,OTHER,NO,NO,NO
11/14/20,54126889,587026,NO,NO,NO,NO
11/15/20,54617117,490228,NO,NO,NO,NO
11/16/20,55142751,525634,NO,NO,Weekly,YES
11/17/20,55745063,602312,NO,NO,NO,NO
11/18/20,56367328,622265,OTHER,NO,NO,NO
11/19/20,57021314,653986,NO,NO,NO,NO
11/20/20,57695345,674031,NO,NO,NO,NO
11/21/20,58287916,592571,NO,NO,NO,NO
11/22/20,58785996,498080,NO,NO,NO,NO
11/23/20,59320006,534010,NO,NO,Weekly,YES
11/24/20,59910792,590786,OTHER,NO,NO,NO
11/25/20,60527871,617079,NO,NO,NO,NO
11/26/20,61117132,589261,NO,NO,NO,NO
11/27/20,61812474,695342,OTHER,NO,NO,NO
11/28/20,62420041,607567,NO,NO,NO,NO
11/29/20,62915662,495621,NO,NO,NO,NO
11/30/20,63422239,506577,NO,NO,Weekly,YES
12/1/20,64037142,614903,NO,NO,NO,NO
12/2/20,64677389,640247,NO,NO,NO,NO
12/3/20,65367986,690597,COVID,NO,NO,NO
12/4/20,66064345,696359,NO,NO,NO,NO
12/5/20,66706697,642352,NO,NO,NO,NO
12/6/20,67250638,543941,NO,NO,NO,NO
12/7/20,67785484,534846,NO,NO,Weekly,YES
12/8/20,68416150,630666,NO,NO,NO,NO
12/9/20,69081500,665350,NO,NO,NO,NO
12/10/20,70576907,1495407,NO,NO,NO,NO
12/11/20,71282658,705751,NO,NO,NO,NO
12/12/20,71931348,648690,NO,NO,NO,NO
12/13/20,72470142,538794,NO,NO,NO,NO
12/14/20,73021298,551156,NO,NO,Weekly,YES
12/15/20,73669919,648621,NO,NO,NO,NO
12/16/20,74387461,717542,NO,NO,NO,NO
12/17/20,75126063,738602,NO,NO,NO,NO
12/18/20,75847501,721438,NO,NO,NO,NO
12/19/20,76483006,635505,NO,NO,NO,NO
12/20/20,77030307,547301,NO,NO,NO,NO
12/21/20,77576529,546222,COVID,NO,Weekly,YES
12/22/20,78227986,651457,NO,NO,NO,NO
12/23/20,78910081,682095,OTHER,NO,NO,NO
12/24/20,79603472,693391,NO,NO,NO,NO
12/25/20,80096696,493224,NO,NO,NO,NO
12/26/20,80629340,532644,NO,NO,NO,NO
12/27/20,81042534,413194,NO,NO,NO,NO
12/28/20,81541719,499185,NO,NO,Weekly,YES
12/29/20,82213594,671875,OTHER,NO,NO,NO
12/30/20,82938894,725300,NO,NO,NO,NO
12/31/20,83778622,839728,COVID,NO,NO,NO
1/1/21,84342314,563692,NO,NO,NO,NO
1/2/21,84946690,604376,NO,NO,NO,NO
1/3/21,85467020,520330,NO,NO,NO,NO
1/4/21,86024461,557441,OTHER,NO,Weekly,YES
1/5/21,86765351,740890,NO,NO,NO,NO
1/6/21,87556264,790913,NO,NO,NO,NO
1/7/21,88426222,869958,NO,NO,NO,NO
1/8/21,89261637,835415,NO,NO,NO,NO
1/9/21,90017904,756267,NO,NO,NO,NO
1/10/21,90619443,601539,NO,NO,NO,NO
1/11/21,91233917,614474,NO,NO,Weekly,YES
1/12/21,91926453,692536,NO,NO,NO,NO
1/13/21,92669726,743273,NO,NO,NO,NO
1/14/21,93428784,759058,NO,NO,NO,NO
1/15/21,94212637,783853,NO,NO,NO,NO
1/16/21,94869509,656872,NO,NO,NO,NO
1/17/21,95397119,527610,NO,NO,NO,NO
1/18/21,95914366,517247,NO,NO,Weekly,YES
1/19/21,96507148,592782,NO,NO,NO,NO
1/20/21,97194354,687206,NO,NO,NO,NO
1/21/21,97863110,668756,NO,NO,NO,NO
1/22/21,98526596,663486,NO,NO,NO,NO
1/23/21,99103312,576716,NO,NO,NO,NO
1/24/21,99565294,461982,NO,NO,NO,NO
1/25/21,100046846,481552,NO,NO,Weekly,YES
1/26/21,100608158,561312,NO,NO,NO,NO
1/27/21,101209122,600964,NO,NO,NO,NO
1/28/21,101824237,615115,NO,NO,NO,NO
1/29/21,102413219,588982,NO,NO,NO,NO
1/30/21,102928083,514864,NO,NO,NO,NO
1/31/21,103324692,396609,NO,NO,NO,NO
2/1/21,103767694,443002,OTHER,NO,Weekly,YES
2/2/21,104233148,465454,NO,NO,NO,NO
2/3/21,104758397,525249,NO,NO,NO,NO
2/4/21,105230171,471774,NO,NO,NO,NO
2/5/21,105766676,536505,OTHER,NO,NO,NO
2/6/21,106201874,435198,NO,NO,NO,NO
2/7/21,106553422,351548,NO,NO,NO,NO
2/8/21,106893339,339917,NO,NO,Weekly,YES
2/9/21,107300629,407290,NO,NO,NO,NO
2/10/21,107741093,440464,OTHER,NO,NO,NO
2/11/21,108184860,443767,NO,NO,NO,NO
2/12/21,108614449,429589,OTHER,NO,NO,NO
2/13/21,108994937,380488,NO,NO,NO,NO
2/14/21,109303582,308645,NO,NO,NO,NO
2/15/21,109584404,280822,NO,NO,Weekly,YES
2/16/21,109944197,359793,NO,NO,NO,NO
2/17/21,110330576,386379,OTHER,NO,NO,NO
2/18/21,110741376,410800,NO,NO,NO,NO
2/19/21,111151038,409662,NO,NO,NO,NO
2/20/21,111526248,375210,NO,NO,NO,NO
2/21/21,111845811,319563,NO,NO,NO,NO
2/22/21,112141380,295569,NO,NO,Weekly,YES
2/23/21,112534122,392742,NO,NO,NO,NO
2/24/21,112979052,444930,NO,NO,NO,NO
2/25/21,113432016,452964,NO,NO,NO,NO
2/26/21,113873956,441940,OTHER,NO,NO,NO
2/27/21,114270693,396737,NO,NO,NO,NO
2/28/21,114578478,307785,NO,NO,NO,NO
3/1/21,114883979,305501,NO,NO,Weekly,YES
3/2/21,115197242,313263,NO,NO,NO,NO
3/3/21,115639088,441846,NO,NO,NO,NO
3/4/21,116097496,458408,NO,NO,NO,NO
3/5/21,116546593,449097,NO,NO,NO,NO
3/6/21,116960620,414027,NO,NO,NO,NO
3/7/21,117335064,374444,NO,NO,NO,NO
3/8/21,117640533,305469,NO,NO,Weekly,YES
3/9/21,118054577,414044,NO,NO,NO,NO
3/10/21,118513444,458867,NO,NO,NO,NO
3/11/21,119003124,489680,NO,NO,NO,NO
3/12/21,119492372,489248,NO,NO,NO,NO
3/13/21,119947968,455596,NO,NO,NO,NO
3/14/21,120313043,365075,NO,NO,NO,NO
3/15/21,120667127,354084,NO,NO,Weekly,YES
3/16/21,121134161,467034,NO,NO,NO,NO
3/17/21,121679877,545716,OTHER,NO,NO,NO
3/18/21,122227806,547929,NO,NO,NO,NO
3/19/21,122790345,562539,NO,NO,NO,NO
3/20/21,123288792,498447,NO,NO,NO,NO
3/21/21,123729261,440469,NO,NO,NO,NO
3/22/21,124150452,421191,NO,NO,Weekly,YES
3/23/21,124656291,505839,NO,NO,NO,NO
3/24/21,125285990,629699,NO,NO,NO,NO
3/25/21,125938183,652193,NO,NO,NO,NO
3/26/21,126578225,640042,OTHER,NO,NO,NO
3/27/21,127162758,584533,NO,NO,NO,NO
3/28/21,127655412,492654,NO,NO,NO,NO
3/29/21,128114688,459276,NO,NO,Weekly,YES
3/30/21,128676894,562206,NO,NO,NO,NO
3/31/21,129350790,673896,NO,NO,NO,NO
4/1/21,130060609,709819,NO,NO,NO,NO
4/2/21,130705394,644785,NO,NO,NO,NO
4/3/21,131245744,540350,NO,NO,NO,NO
4/4/21,131805666,559922,NO,NO,NO,NO
4/5/21,132302655,496989,NO,NO,Weekly,YES
4/6/21,132910149,607494,NO,NO,NO,NO
4/7/21,133573288,663139,NO,NO,NO,NO
4/8/21,134409344,836056,NO,NO,NO,NO
4/9/21,135156662,747318,NO,NO,NO,NO
4/10/21,135827306,670644,NO,NO,NO,NO
4/11/21,136536918,709612,NO,NO,NO,NO
4/12/21,137150764,613846,NO,NO,Weekly,YES
4/13/21,137914588,763824,NO,NO,NO,NO
4/14/21,138725902,811314,OTHER,NO,NO,NO
4/15/21,139547133,821231,NO,NO,NO,NO
4/16/21,140406983,859850,NO,NO,NO,NO
4/17/21,141200970,793987,NO,NO,NO,NO
4/18/21,141901080,700110,NO,NO,NO,NO
4/19/21,142592012,690932,NO,NO,Weekly,YES
4/20/21,143431609,839597,NO,NO,NO,NO
4/21/21,144320851,889242,NO,NO,NO,NO
4/22/21,145220252,899401,NO,NO,NO,NO
4/23/21,146127911,907659,NO,NO,NO,NO
4/24/21,146952141,824230,NO,NO,NO,NO
4/25/21,147680627,728486,NO,NO,NO,NO
4/26/21,148369677,689050,NO,NO,Weekly,YES
4/27/21,149208799,839122,NO,NO,NO,NO
4/28/21,150107590,898791,NO,NO,NO,NO
4/29/21,151001625,894035,NO,NO,NO,NO
4/30/21,151892994,891369,NO,NO,NO,NO
5/1/21,152687904,794910,NO,NO,NO,NO
5/2/21,153375175,687271,NO,NO,NO,NO
5/3/21,154065632,690457,NO,NO,Weekly,YES
5/4/21,154850588,784956,OTHER,NO,NO,NO
5/5/21,155692589,842001,NO,NO,NO,NO
5/6/21,156565435,872846,NO,NO,NO,NO
5/7/21,157400261,834826,NO,NO,NO,NO
5/8/21,158188559,788298,NO,NO,NO,NO
5/9/21,158837968,649409,NO,NO,NO,NO
5/10/21,159463612,625644,NO,NO,Weekly,YES
5/11/21,160189411,725799,NO,NO,NO,NO
5/12/21,160956898,767487,NO,NO,NO,NO
5/13/21,161691597,734699,NO,NO,NO,NO
5/14/21,162401162,709565,NO,NO,NO,NO
5/15/21,163032774,631612,NO,NO,NO,NO
5/16/21,163579396,546622,NO,NO,NO,NO
5/17/21,164122938,543542,NO,NO,Weekly,YES
5/18/21,164742576,619638,NO,NO,NO,NO
5/19/21,165414621,672045,NO,NO,NO,NO
5/20/21,165696927,282306,NO,NO,NO,NO
5/21/21,166323402,626475,NO,NO,NO,NO
5/22/21,166895763,572361,NO,NO,NO,NO
5/23/21,167377386,481623,NO,NO,NO,NO
5/24/21,167828464,451078,NO,NO,Weekly,YES
5/25/21,168361871,533407,NO,NO,NO,NO
5/26/21,168930299,568428,NO,NO,NO,NO
5/27/21,169477196,546897,NO,NO,NO,NO
5/28/21,169982707,505511,NO,NO,NO,NO
5/29/21,170463127,480420,NO,NO,NO,NO
5/30/21,170853074,389947,NO,NO,NO,NO
5/31/21,171240130,387056,NO,NO,Weekly,YES
6/1/21,171700134,460004,NO,NO,NO,NO
6/2/21,172187762,487628,NO,NO,NO,NO
6/3/21,172668261,480499,NO,NO,NO,NO
6/4/21,173093152,424891,NO,NO,NO,NO
6/5/21,173489803,396651,NO,NO,NO,NO
6/6/21,173812784,322981,NO,NO,NO,NO
6/7/21,174134551,321767,NO,NO,Weekly,YES
6/8/21,174504668,370117,NO,NO,NO,NO
6/9/21,174922960,418292,NO,NO,NO,NO
6/10/21,175376464,453504,OTHER,NO,NO,NO
6/11/21,175798501,422037,OTHER,NO,NO,NO
6/12/21,176166881,368380,NO,NO,NO,NO
6/13/21,176469682,302801,NO,NO,NO,NO
6/14/21,176778984,309302,NO,NO,Weekly,YES
6/15/21,177153741,374757,NO,NO,NO,NO
6/16/21,177542916,389175,NO,NO,NO,NO
6/17/21,177938911,395995,NO,NO,NO,NO
6/18/21,178342418,403507,NO,NO,NO,NO
6/19/21,178689716,347298,OTHER,NO,NO,NO
6/20/21,178994480,304764,NO,NO,NO,NO
6/21/21,179291135,296655,NO,NO,Weekly,YES
6/22/21,179701349,410214,NO,NO,NO,NO
6/23/21,180097972,396623,NO,NO,NO,NO
6/24/21,180507231,409259,NO,NO,NO,NO
6/25/21,180924899,417668,NO,NO,NO,NO
6/26/21,181287796,362897,NO,NO,NO,NO
6/27/21,181599032,311236,NO,NO,NO,NO
6/28/21,181932050,333018,NO,NO,Weekly,YES
6/29/21,182313258,381208,NO,NO,NO,NO
6/30/21,182712726,399468,NO,NO,NO,NO
7/1/21,183148268,435542,NO,NO,NO,NO
7/2/21,183590610,442342,NO,NO,NO,NO
7/3/21,183964437,373827,NO,NO,NO,NO
7/4/21,184292181,327744,NO,NO,NO,NO
7/5/21,184670098,377917,NO,NO,Weekly,YES
7/6/21,185120629,450531,NO,NO,NO,NO
7/7/21,185585871,465242,NO,NO,NO,NO
7/8/21,186067750,481879,OTHER,NO,NO,NO
7/9/21,186580986,513236,NO,NO,NO,NO
7/10/21,187002099,421113,NO,NO,NO,NO
7/11/21,187371991,369892,NO,NO,NO,NO
7/12/21,187806155,434164,NO,NO,Weekly,YES
7/13/21,188331814,525659,NO,NO,NO,NO
7/14/21,188869796,537982,NO,NO,NO,NO
7/15/21,189446223,576427,NO,NO,NO,NO
7/16/21,190042161,595938,NO,NO,NO,NO
7/17/21,190531011,488850,NO,NO,NO,NO
7/18/21,190951220,420209,NO,NO,NO,NO
7/19/21,191440687,489467,NO,NO,Weekly,YES
7/20/21,191973106,532419,NO,NO,NO,NO
7/21/21,192529214,556108,NO,NO,NO,NO
7/22/21,193094403,565189,NO,NO,NO,NO
7/23/21,193822543,728140,NO,NO,NO,NO
7/24/21,194254462,431919,NO,NO,NO,NO
7/25/21,194700076,445614,NO,NO,NO,NO
7/26/21,195240703,540627,NO,NO,Weekly,YES
7/27/21,195847033,606330,OTHER,NO,NO,NO
7/28/21,196497116,650083,NO,NO,NO,NO
7/29/21,197139985,642869,NO,NO,NO,NO
7/30/21,197872339,732354,NO,NO,NO,NO
7/31/21,198389684,517345,NO,NO,NO,NO
8/1/21,198872752,483068,NO,NO,NO,NO
8/2/21,199443855,571103,NO,NO,Weekly,YES
8/3/21,200078130,634275,NO,NO,NO,NO
8/4/21,200758588,680458,NO,NO,NO,NO
8/5/21,201444210,685622,NO,NO,NO,NO
8/6/21,202263736,819526,NO,NO,NO,NO
8/7/21,202825005,561269,NO,NO,NO,NO
8/8/21,203292722,467717,NO,NO,NO,NO
8/9/21,203911805,619083,OTHER,NO,Weekly,YES
8/10/21,204557617,645812,NO,NO,NO,NO
8/11/21,205288310,730693,NO,NO,NO,NO
8/12/21,205994052,705742,NO,NO,NO,NO
8/13/21,206795847,801795,NO,NO,NO,NO
8/14/21,207348758,552911,NO,NO,NO,NO
8/15/21,207815449,466691,NO,NO,NO,NO
8/16/21,208479793,664344,OTHER,NO,Weekly,YES
8/17/21,209162480,682687,OTHER,NO,NO,NO
8/18/21,209898123,735643,NO,NO,NO,NO
8/19/21,210609857,711734,NO,NO,NO,NO
8/20/21,211395070,785213,NO,NO,NO,NO
8/21/21,211954124,559054,NO,NO,NO,NO
8/22/21,212402204,448080,NO,NO,NO,NO
8/23/21,213086398,684194,NO,NO,Weekly,YES
8/24/21,213763171,676773,NO,NO,NO,NO
8/25/21,214500582,737411,NO,NO,NO,NO
8/26/21,215237031,736449,NO,NO,NO,NO
8/27/21,215988154,751123,NO,NO,NO,NO
8/28/21,216545334,557180,NO,NO,NO,NO
8/29/21,216992164,446830,NO,NO,NO,NO
8/30/21,217664015,671851,NO,NO,Weekly,YES
8/31/21,218284677,620662,NO,NO,NO,NO
9/1/21,219003757,719080,NO,NO,NO,NO
9/2/21,219680532,676775,NO,NO,NO,NO
9/3/21,220404105,723573,NO,NO,NO,NO
9/4/21,220900816,496711,NO,NO,NO,NO
9/5/21,221347788,446972,NO,NO,NO,NO
9/6/21,221825561,477773,NO,NO,Weekly,YES
9/7/21,222482051,656490,NO,NO,NO,NO
9/8/21,223119762,637711,NO,NO,NO,NO
9/9/21,223759907,640145,NO,NO,NO,NO
9/10/21,224418618,658711,NO,NO,NO,NO
9/11/21,224887140,468522,NO,NO,NO,NO
9/12/21,225258543,371403,NO,NO,NO,NO
9/13/21,225836445,577902,NO,NO,Weekly,YES
9/14/21,226386274,549829,NO,NO,NO,NO
9/15/21,226953125,566851,NO,NO,NO,NO
9/16/21,227540479,587354,NO,NO,NO,NO
9/17/21,228163698,623219,OTHER,NO,NO,NO
9/18/21,228687569,523871,NO,NO,NO,NO
9/19/21,229050966,363397,NO,NO,NO,NO
9/20/21,229581157,530191,OTHER,NO,Weekly,YES
9/21/21,230069837,488680,NO,NO,NO,NO
9/22/21,230604815,534978,NO,NO,NO,NO
9/23/21,231152445,547630,NO,NO,NO,NO
9/24/21,231701691,549246,OTHER,NO,NO,NO
9/25/21,232075693,374002,NO,NO,NO,NO
9/26/21,232431512,355819,NO,NO,NO,NO
9/27/21,232914281,482769,NO,NO,Weekly,YES
9/28/21,233365258,450977,NO,NO,NO,NO
9/29/21,233856235,490977,NO,NO,NO,NO
9/30/21,234346132,489897,NO,NO,NO,NO
10/1/21,234868134,522002,OTHER,NO,NO,NO
10/2/21,235218776,350642,NO,NO,NO,NO
10/3/21,235527819,309043,NO,NO,NO,NO
10/4/21,235974883,447064,NO,NO,Weekly,YES
10/5/21,236397732,422849,NO,NO,NO,NO
10/6/21,236904785,507053,NO,NO,NO,NO
10/7/21,237366619,461834,NO,NO,NO,NO
10/8/21,237842039,475420,NO,NO,NO,NO
10/9/21,238182243,340204,NO,NO,NO,NO
10/10/21,238498696,316453,OTHER,NO,NO,NO
10/11/21,238886684,387988,NO,NO,Weekly,YES
10/12/21,239324892,438208,NO,NO,NO,NO
10/13/21,239781314,456422,OTHER,NO,NO,NO
10/14/21,240234710,453396,OTHER,NO,NO,NO
10/15/21,240692696,457986,NO,NO,NO,NO
10/16/21,241034054,341358,NO,NO,NO,NO
10/17/21,241347355,313301,NO,NO,NO,NO
10/18/21,241775141,427786,NO,NO,Weekly,YES
10/19/21,242206709,431568,NO,NO,NO,NO
10/20/21,242683018,476309,NO,NO,NO,NO
10/21/21,243145068,462050,NO,NO,NO,NO
10/22/21,243637892,492824,OTHER,NO,NO,NO
10/23/21,244008150,370258,NO,NO,NO,NO
10/24/21,244317353,309203,NO,NO,NO,NO
10/25/21,244769753,452400,NO,NO,Weekly,YES
10/26/21,245196224,426471,NO,NO,NO,NO
10/27/21,245710221,513997,NO,NO,NO,NO
10/28/21,246193247,483026,NO,NO,NO,NO
10/29/21,246687330,494083,NO,NO,NO,NO
10/30/21,247061943,374613,NO,NO,NO,NO
10/31/21,247410790,348847,NO,NO,NO,NO
11/1/21,247868435,457645,NO,NO,Weekly,YES
11/2/21,248272884,404449,NO,NO,NO,NO
11/3/21,248797676,524792,NO,NO,NO,NO
11/4/21,249315133,517457,NO,NO,NO,NO
11/5/21,249839415,524282,NO,NO,NO,NO
11/6/21,250245164,405749,NO,NO,NO,NO
11/7/21,250585863,340699,NO,NO,NO,NO
11/8/21,251110911,525048,NO,NO,Weekly,YES
11/9/21,251580325,469414,NO,NO,NO,NO
11/10/21,252153854,573529,NO,NO,NO,NO
11/11/21,252674737,520883,NO,NO,NO,NO
11/12/21,253274490,599753,NO,NO,NO,NO
11/13/21,253670214,395724,NO,NO,NO,NO
11/14/21,254018493,348279,NO,NO,NO,NO
11/15/21,254620079,601586,NO,NO,Weekly,YES
11/16/21,255126904,506825,NO,NO,NO,NO
11/17/21,255742113,615209,NO,NO,NO,NO
11/18/21,256363770,621657,NO,NO,NO,NO
11/19/21,256978407,614637,NO,NO,NO,NO
11/20/21,257416423,438016,NO,NO,NO,NO
11/21/21,257796215,379792,NO,NO,NO,NO
11/22/21,258500870,704655,NO,NO,Weekly,YES
11/23/21,259093463,592593,NO,NO,NO,NO
11/24/21,259751368,657905,NO,NO,NO,NO
11/25/21,260348589,597221,OTHER,NO,NO,NO
11/26/21,260962280,613691,NO,NO,NO,NO
11/27/21,261381085,418805,NO,NO,NO,NO
11/28/21,261770875,389790,NO,NO,NO,NO
11/29/21,262513214,742339,NO,NO,Weekly,YES
11/30/21,263113681,600467,NO,NO,NO,NO
12/1/21,263816145,702464,OTHER,NO,NO,NO
12/2/21,264523382,707237,NO,NO,NO,NO
12/3/21,265254220,730838,NO,NO,NO,NO
12/4/21,265726430,472210,NO,NO,NO,NO
12/5/21,266146231,419801,NO,NO,NO,NO
12/6/21,266849953,703722,NO,NO,Weekly,YES
12/7/21,267489200,639247,NO,NO,NO,NO
12/8/21,268200544,711344,NO,NO,NO,NO
12/9/21,268898928,698384,OTHER,NO,NO,NO
12/10/21,269592462,693534,NO,NO,NO,NO
12/11/21,270059366,466904,NO,NO,NO,NO
12/12/21,270485916,426550,NO,NO,NO,NO
12/13/21,271179799,693883,OTHER,NO,Weekly,YES
12/14/21,271816596,636797,OTHER,NO,NO,NO
12/15/21,272556770,740174,NO,NO,NO,NO
12/16/21,273300997,744227,OTHER,NO,NO,NO
12/17/21,274068563,767566,NO,NO,NO,NO
12/18/21,274598505,529942,NO,NO,NO,NO
12/19/21,275083461,484956,NO,NO,NO,NO
12/20/21,275893527,810066,NO,NO,Weekly,YES
12/21/21,276652188,758661,NO,NO,NO,NO
12/22/21,277566671,914483,NO,NO,NO,NO
12/23/21,278578699,1012028,OTHER,NO,NO,NO
12/24/21,279434799,856100,NO,NO,NO,NO
12/25/21,280116791,681992,NO,NO,NO,NO
12/26/21,280692270,575479,NO,NO,NO,NO
12/27/21,282033889,1341619,NO,NO,Weekly,YES
12/28/21,283370260,1336371,NO,NO,NO,NO
12/29/21,285075127,1704867,NO,NO,NO,NO
12/30/21,287025253,1950126,NO,NO,NO,NO
12/31/21,288728291,1703038,NO,NO,NO,NO
1/1/22,289931428,1203137,NO,NO,NO,NO
1/2/22,290849939,918511,NO,NO,NO,NO
1/3/22,293188320,2338381,NO,NO,Weekly,YES
1/4/22,295801747,2613427,NO,NO,NO,NO
1/5/22,298385756,2584009,NO,NO,NO,NO
1/6/22,301054978,2669222,NO,NO,NO,NO
1/7/22,304008616,2953638,NO,NO,NO,NO
1/8/22,306145200,2136584,NO,NO,NO,NO
1/9/22,308150282,2005082,NO,NO,NO,NO
1/10/22,311401997,3251715,NO,NO,Weekly,YES
1/11/22,314432404,3030407,NO,NO,NO,NO
1/12/22,317879058,3446654,NO,NO,NO,NO
1/13/22,321066163,3187105,NO,NO,NO,NO
1/14/22,324382616,3316453,OTHER,NO,NO,NO
1/15/22,326810379,2427763,NO,NO,NO,NO
1/16/22,328981578,2171199,NO,NO,NO,NO
1/17/22,331759391,2777813,NO,NO,Weekly,YES
1/18/22,335523995,3764604,NO,NO,NO,NO
1/19/22,339607276,4083281,NO,NO,NO,NO
1/20/22,343341570,3734294,NO,NO,NO,NO
1/21/22,347151687,3810117,NO,NO,NO,NO
1/22/22,349801473,2649786,NO,NO,NO,NO
1/23/22,352184811,2383338,NO,NO,NO,NO
1/24/22,355817671,3632860,NO,NO,Weekly,YES
1/25/22,359471485,3653814,OTHER,NO,NO,NO
1/26/22,363233158,3761673,NO,NO,NO,NO
1/27/22,366932890,3699732,NO,NO,NO,NO
1/28/22,370611819,3678929,NO,NO,NO,NO
1/29/22,373175361,2563542,NO,NO,NO,NO
1/30/22,375352380,2177019,NO,NO,NO,NO
1/31/22,379211855,3859475,NO,NO,Weekly,YES
2/1/22,382341587,3129732,NO,NO,NO,NO
2/2/22,385526232,3184645,NO,NO,NO,NO
2/3/22,388720309,3194077,NO,NO,NO,NO
2/4/22,391675874,2955565,OTHER,NO,NO,NO
2/5/22,393779507,2103633,NO,NO,NO,NO
2/6/22,395542316,1762809,NO,NO,NO,NO
2/7/22,398516432,2974116,NO,NO,Weekly,YES
2/8/22,401116122,2599690,NO,NO,NO,NO
2/9/22,403549117,2432995,NO,NO,NO,NO
2/10/22,406363391,2814274,OTHER,NO,NO,NO
2/11/22,408788228,2424837,NO,NO,NO,NO
2/12/22,410513339,1725111,NO,NO,NO,NO
2/13/22,411919279,1405940,NO,NO,NO,NO
2/14/22,413962163,2042884,OTHER,NO,Weekly,YES
2/15/22,415832953,1870790,NO,NO,NO,NO
2/16/22,418072759,2239806,NO,NO,NO,NO
2/17/22,420135672,2062913,NO,NO,NO,NO
2/18/22,422119106,1983434,NO,NO,NO,NO
2/19/22,423596187,1477081,NO,NO,NO,NO
2/20/22,424789720,1193533,NO,NO,NO,NO
2/21/22,426495378,1705658,OTHER,NO,Weekly,YES
2/22/22,428169102,1673724,NO,NO,NO,NO
2/23/22,430086590,1917488,NO,NO,NO,NO
2/24/22,431874501,1787911,NO,NO,NO,NO
2/25/22,433528807,1654306,NO,NO,NO,NO
2/26/22,434802795,1273988,NO,NO,NO,NO
2/27/22,435854949,1052154,NO,NO,NO,NO
2/28/22,437463827,1608878,NO,NO,Weekly,YES
3/1/22,439062564,1598737,NO,NO,NO,NO
3/2/22,440722439,1659875,NO,NO,NO,NO
3/3/22,442497646,1775207,OTHER,NO,NO,NO
3/4/22,444260070,1762424,NO,NO,NO,NO
3/5/22,445550401,1290331,NO,NO,NO,NO
3/6/22,446660147,1109746,NO,NO,NO,NO
3/7/22,448401620,1741473,NO,NO,Weekly,YES
3/8/22,449985919,1584299,NO,NO,NO,NO
3/9/22,451976099,1990180,NO,NO,NO,NO
3/10/22,453847080,1870981,NO,NO,NO,NO
3/11/22,455719680,1872600,NO,NO,NO,NO
3/12/22,457280387,1560707,NO,NO,NO,NO
3/13/22,458418032,1137645,NO,NO,NO,NO
3/14/22,460415942,1997910,NO,NO,Weekly,YES
3/15/22,462225344,1809402,NO,NO,NO,NO
3/16/22,464464205,2238861,NO,NO,NO,NO
3/17/22,466542109,2077904,NO,NO,NO,NO
3/18/22,468433636,1891527,NO,NO,NO,NO
3/19/22,469913015,1479379,NO,NO,NO,NO
3/20/22,470873843,960828,NO,NO,NO,NO
3/21/22,472753728,1879885,NO,NO,Weekly,YES
3/22/22,474730951,1977223,NO,NO,NO,NO
3/23/22,476534854,1803903,NO,NO,NO,NO
3/24/22,478319055,1784201,OTHER,NO,NO,NO
3/25/22,480078626,1759571,OTHER,NO,NO,NO
3/26/22,481203035,1124409,NO,NO,NO,NO
3/27/22,482053796,850761,NO,NO,NO,NO
3/28/22,483898093,1844297,NO,NO,Weekly,YES
3/29/22,485649915,1751822,NO,NO,NO,NO
3/30/22,487247590,1597675,NO,NO,NO,NO
3/31/22,488810861,1563271,NO,NO,NO,NO
4/1/22,490229883,1419022,NO,NO,NO,NO
4/2/22,491102544,872661,NO,NO,NO,NO
4/3/22,491795689,693145,NO,NO,NO,NO
4/4/22,493029039,1233350,NO,NO,Weekly,YES
4/5/22,494394436,1365397,NO,NO,NO,NO
4/6/22,495614407,1219971,NO,NO,NO,NO
4/7/22,496892754,1278347,OTHER,NO,NO,NO
4/8/22,498067151,1174397,NO,NO,NO,NO
4/9/22,498809406,742255,NO,NO,NO,NO
4/10/22,499371019,561613,NO,NO,NO,NO
4/11/22,500357346,986327,NO,NO,Weekly,YES
4/12/22,501476932,1119586,NO,NO,NO,NO
4/13/22,502551958,1075026,NO,NO,NO,NO
4/14/22,503514561,962603,NO,NO,NO,NO
4/15/22,504173546,658985,OTHER,NO,NO,NO
4/16/22,504728004,554458,NO,NO,NO,NO
4/17/22,505135766,407762,NO,NO,NO,NO
4/18/22,505593027,457261,NO,NO,Weekly,YES
4/19/22,506611148,1018121,NO,NO,NO,NO
4/20/22,507572864,961716,NO,NO,NO,NO
4/21/22,508494564,921700,NO,NO,NO,NO
4/22/22,509326073,831509,NO,NO,NO,NO
4/23/22,509804848,478775,OTHER,NO,NO,NO
4/24/22,510170201,365353,NO,NO,NO,NO
4/25/22,510807207,637006,NO,NO,Weekly,YES
4/26/22,511586152,778945,NO,NO,NO,NO
4/27/22,512270545,684393,OTHER,NO,NO,NO
4/28/22,513029820,759275,OTHER,NO,NO,NO
4/29/22,513674263,644443,NO,NO,NO,NO
4/30/22,514028003,353740,NO,NO,NO,NO
5/1/22,514337424,309421,NO,NO,NO,NO
5/2/22,514784854,447430,NO,NO,Weekly,YES
5/3/22,515456909,672055,NO,NO,NO,NO
5/4/22,516084404,627495,NO,NO,NO,NO
5/5/22,516684038,599634,NO,NO,NO,NO
5/6/22,517314925,630887,OTHER,NO,NO,NO
5/7/22,517654258,339333,NO,NO,NO,NO
5/8/22,517933111,278853,NO,NO,NO,NO
5/9/22,518623538,690427,OTHER,NO,Weekly,YES
5/10/22,519264799,641261,NO,NO,NO,NO
5/11/22,519959508,694709,NO,NO,NO,NO
5/12/22,520612153,652645,OTHER,NO,NO,NO
5/13/22,521185114,572961,OTHER,NO,NO,NO
5/14/22,521623840,438726,NO,NO,NO,NO
5/15/22,521997492,373652,NO,NO,NO,NO
5/16/22,522587922,590430,OTHER,NO,Weekly,YES
5/17/22,523196288,608366,OTHER,NO,NO,NO
5/18/22,523956899,760611,OTHER,NO,NO,NO
5/19/22,524552967,596068,OTHER,NO,NO,NO
5/20/22,525179079,626112,NO,NO,NO,NO
5/21/22,525546242,367163,OTHER,NO,NO,NO
5/22/22,525862056,315814,NO,NO,NO,NO
5/23/22,526355204,493148,NO,NO,Weekly,YES
5/24/22,526949796,594592,NO,NO,NO,NO
5/25/22,527593755,643959,NO,NO,NO,NO
5/26/22,528096493,502738,OTHER,NO,NO,NO
5/27/22,528666149,569656,OTHER,NO,NO,NO
5/28/22,528995178,329029,NO,NO,NO,NO
5/29/22,529271873,276695,OTHER,NO,NO,NO
5/30/22,529616224,344351,NO,NO,Weekly,YES
5/31/22,530241569,625345,NO,NO,NO,NO
6/1/22,530939976,698407,OTHER,NO,NO,NO
6/2/22,531470716,530740,NO,NO,NO,NO
6/3/22,532014270,543554,NO,NO,NO,NO
6/4/22,532267351,253081,OTHER,NO,NO,NO
6/5/22,532530338,262987,NO,NO,NO,NO
6/6/22,532965247,434909,NO,NO,Weekly,YES
6/7/22,533576907,611660,NO,NO,NO,NO
6/8/22,534283486,706579,NO,NO,NO,NO
6/9/22,534848531,565045,NO,NO,NO,NO
6/10/22,535405294,556763,OTHER,NO,NO,NO
6/11/22,535689085,283791,NO,NO,NO,NO
6/12/22,535887333,198248,NO,NO,NO,NO
6/13/22,536415150,527817,NO,NO,Weekly,YES
6/14/22,537272203,857053,NO,NO,NO,NO
6/15/22,537994296,722093,NO,NO,NO,NO
6/16/22,538577138,582842,NO,NO,NO,NO
6/17/22,539110151,533013,OTHER,NO,NO,NO
6/18/22,539338742,228591,NO,NO,NO,NO
6/19/22,539607241,268499,NO,NO,NO,NO
6/20/22,540362445,755204,NO,NO,Weekly,YES
6/21/22,541178509,816064,NO,NO,NO,NO
6/22/22,541984328,805819,NO,NO,NO,NO
6/23/22,542767959,783631,OTHER,NO,NO,NO
6/24/22,543545293,777334,OTHER,NO,NO,NO
6/25/22,543862216,316923,NO,NO,NO,NO
6/26/22,544148980,286764,NO,NO,NO,NO
6/27/22,545021364,872384,OTHER,NO,Weekly,YES
6/28/22,545963319,941955,NO,NO,NO,NO
6/29/22,546896134,932815,NO,NO,NO,NO
6/30/22,547974317,1078183,NO,NO,NO,NO
7/1/22,548925491,951174,NO,NO,NO,NO
7/2/22,549284928,359437,NO,NO,NO,NO
7/3/22,549643412,358484,NO,NO,NO,NO
7/4/22,550495502,852090,OTHER,NO,Weekly,YES
7/5/22,551700794,1205292,NO,NO,NO,NO
7/6/22,552926114,1225320,NO,NO,NO,NO
7/7/22,553979237,1053123,NO,NO,NO,NO
7/8/22,554985885,1006648,NO,NO,NO,NO
7/9/22,555489725,503840,NO,NO,NO,NO
7/10/22,555912593,422868,NO,NO,NO,NO
7/11/22,556965871,1053278,NO,NO,Weekly,YES
7/12/22,558188894,1223023,OTHER,NO,NO,NO
7/13/22,559615969,1427075,NO,NO,NO,NO
7/14/22,560618337,1002368,NO,NO,NO,NO
7/15/22,561620875,1002538,NO,NO,NO,NO
7/16/22,562173878,553003,NO,NO,NO,NO
7/17/22,562633320,459442,NO,NO,NO,NO
7/18/22,563831363,1198043,NO,NO,Weekly,YES
7/19/22,565376142,1544779,NO,NO,NO,NO
7/20/22,566978238,1602096,OTHER,NO,NO,NO
7/21/22,568132310,1154072,NO,NO,NO,NO
7/22/22,569227609,1095299,NO,NO,NO,NO
7/23/22,569864429,636820,OTHER,NO,NO,NO
7/24/22,570415520,551091,NO,NO,NO,NO
7/25/22,571389219,973699,NO,NO,Weekly,YES
7/26/22,572585879,1196660,NO,NO,NO,NO
7/27/22,574012504,1426625,NO,NO,NO,NO
7/28/22,575128637,1116133,NO,NO,NO,NO
7/29/22,576504042,1375405,NO,NO,NO,NO
7/30/22,577080293,576251,NO,NO,NO,NO
7/31/22,577625050,544757,NO,NO,NO,NO
8/1/22,578498268,873218,NO,NO,Weekly,YES
8/2/22,579688847,1190579,NO,NO,NO,NO
8/3/22,580844327,1155480,OTHER,NO,NO,NO
8/4/22,582298507,1454180,NO,NO,NO,NO
8/5/22,583199840,901333,NO,NO,NO,NO
8/6/22,584378161,1178321,NO,NO,NO,NO
8/7/22,584876085,497924,NO,NO,NO,NO
8/8/22,585692322,816237,NO,NO,Weekly,YES
8/9/22,586732558,1040236,NO,NO,NO,NO
8/10/22,587759595,1027037,NO,NO,NO,NO
8/11/22,588765069,1005474,NO,NO,NO,NO
8/12/22,589518048,752979,OTHER,NO,NO,NO
8/13/22,590154612,636564,NO,NO,NO,NO
8/14/22,590615366,460754,NO,NO,NO,NO
8/15/22,591470649,855283,NO,NO,Weekly,YES
8/16/22,592553956,1083307,NO,NO,NO,NO
8/17/22,593544473,990517,NO,NO,NO,NO
8/18/22,594489234,944761,NO,NO,NO,NO
8/19/22,595290702,801468,NO,NO,NO,NO
8/20/22,595865130,574428,NO,NO,NO,NO
8/21/22,596349664,484534,NO,NO,NO,NO
8/22/22,597060819,711155,NO,NO,Weekly,YES
8/23/22,597949972,889153,NO,NO,NO,NO
8/24/22,598834543,884571,NO,NO,NO,NO
8/25/22,599699548,865005,OTHER,NO,NO,NO
8/26/22,600401903,702355,NO,NO,NO,NO
8/27/22,600854582,452679,NO,NO,NO,NO
8/28/22,601260827,406245,NO,NO,NO,NO
8/29/22,601837965,577138,NO,NO,Weekly,YES
8/30/22,602585861,747896,NO,NO,NO,NO
8/31/22,603339040,753179,NO,NO,NO,NO
9/1/22,604018804,679764,NO,NO,NO,NO
9/2/22,604676287,657483,OTHER,NO,NO,NO
9/3/22,605052969,376682,NO,NO,NO,NO
9/4/22,605423358,370389,NO,NO,NO,NO
9/5/22,605881148,457790,OTHER,NO,Weekly,YES
9/6/22,606554997,673849,NO,NO,NO,NO
9/7/22,607171546,616549,NO,NO,NO,NO
9/8/22,607755506,583960,NO,NO,NO,NO
9/9/22,608281134,525628,NO,NO,NO,NO
9/10/22,608594366,313232,NO,NO,NO,NO
9/11/22,608908659,314293,NO,NO,NO,NO
9/12/22,609393741,485082,NO,NO,Weekly,YES
9/13/22,609942218,548477,OTHER,NO,NO,NO
9/14/22,610640243,698025,NO,NO,NO,NO
9/15/22,611251541,611298,NO,NO,NO,NO
9/16/22,611707437,455896,NO,NO,NO,NO
9/17/22,612002534,295097,NO,NO,NO,NO
9/18/22,612257111,254577,NO,NO,NO,NO
9/19/22,612673963,416852,NO,NO,Weekly,YES
9/20/22,613227572,553609,NO,NO,NO,NO
9/21/22,613745750,518178,NO,NO,NO,NO
9/22/22,614365390,619640,NO,NO,NO,NO
9/23/22,614883451,518061,NO,NO,NO,NO
9/24/22,615148616,265165,NO,NO,NO,NO
9/25/22,615371539,222923,NO,NO,NO,NO
9/26/22,615794219,422680,OTHER,NO,Weekly,YES
9/27/22,616393758,599539,NO,NO,NO,NO
9/28/22,616943716,549958,OTHER,NO,NO,NO
9/29/22,617587849,644133,OTHER,NO,NO,NO
9/30/22,618060372,472523,NO,NO,NO,NO
10/1/22,618301429,241057,NO,NO,NO,NO
10/2/22,618502138,200709,NO,NO,NO,NO
10/3/22,618822004,319866,NO,NO,Weekly,YES
10/4/22,619422193,600189,NO,NO,NO,NO
10/5/22,620005197,583004,NO,NO,NO,NO
10/6/22,620645800,640603,NO,NO,NO,NO
10/7/22,621221027,575227,NO,NO,NO,NO
10/8/22,621440044,219017,NO,NO,NO,NO
10/9/22,621658996,218952,NO,NO,NO,NO
10/10/22,622112629,453633,OTHER,NO,Weekly,YES
10/11/22,622802836,690207,NO,NO,NO,NO
10/12/22,623353219,550383,OTHER,NO,NO,NO
10/13/22,624016113,662894,OTHER,NO,NO,NO
10/14/22,624494008,477895,NO,NO,NO,NO
10/15/22,624712097,218089,NO,NO,NO,NO
10/16/22,624904267,192170,NO,NO,NO,NO
10/17/22,625380762,476495,OTHER,NO,Weekly,YES
10/18/22,626009472,628710,NO,NO,NO,NO
10/19/22,626536431,526959,OTHER,NO,NO,NO
10/20/22,627131819,595388,OTHER,NO,NO,NO
10/21/22,627563033,431214,NO,NO,NO,NO
10/22/22,627745374,182341,NO,NO,NO,NO
10/23/22,627906174,160800,NO,NO,NO,NO
10/24/22,628292158,385984,NO,NO,Weekly,YES
10/25/22,628887107,594949,NO,NO,NO,NO
10/26/22,629354131,467024,NO,NO,NO,NO
10/27/22,629825004,470873,NO,NO,NO,NO
10/28/22,630188852,363848,OTHER,NO,NO,NO
10/29/22,630387961,199109,NO,NO,NO,NO
10/30/22,630555274,167313,NO,NO,NO,NO
10/31/22,630855587,300313,NO,NO,Weekly,YES
11/1/22,631257223,401636,NO,NO,NO,NO
11/2/22,631605553,348330,NO,NO,NO,NO
11/3/22,632099160,493607,OTHER,NO,NO,NO
11/4/22,632543650,444490,NO,NO,NO,NO
11/5/22,632744972,201322,NO,NO,NO,NO
11/6/22,632931615,186643,NO,NO,NO,NO
11/7/22,633236212,304597,OTHER,NO,Weekly,YES
11/8/22,633687028,450816,NO,NO,NO,NO
11/9/22,634121053,434025,NO,NO,NO,NO
11/10/22,634581453,460400,OTHER,NO,NO,NO
11/11/22,635069827,488374,NO,NO,NO,NO
11/12/22,635312334,242507,NO,NO,NO,NO
11/13/22,635495843,183509,NO,NO,NO,NO
11/14/22,635842682,346839,NO,NO,Weekly,YES
11/15/22,636346431,503749,NO,NO,NO,NO
11/16/22,636832747,486316,OTHER,NO,NO,NO
11/17/22,637312096,479349,NO,NO,NO,NO
11/18/22,637942820,630724,NO,NO,NO,NO
11/19/22,638190175,247355,NO,NO,NO,NO
11/20/22,638412606,222431,NO,NO,NO,NO
11/21/22,638754188,341582,NO,NO,Weekly,YES
11/22/22,639328415,574227,NO,NO,NO,NO
11/23/22,639919189,590774,NO,NO,NO,NO
11/24/22,640339580,420391,OTHER,NO,NO,NO
11/25/22,641037771,698191,NO,NO,NO,NO
11/26/22,641308397,270626,NO,NO,NO,NO
11/27/22,641571858,263461,NO,NO,NO,NO
11/28/22,641977647,405789,OTHER,NO,Weekly,YES
11/29/22,642708342,730695,NO,NO,NO,NO
11/30/22,643244123,535781,NO,NO,NO,NO
12/1/22,643950364,706241,NO,NO,NO,NO
12/2/22,644711955,761591,NO,NO,NO,NO
12/3/22,645011864,299909,NO,NO,NO,NO
12/4/22,645269011,257147,NO,NO,NO,NO
12/5/22,645774500,505489,NO,NO,Weekly,YES
12/6/22,646399010,624510,NO,NO,NO,NO
12/7/22,647032502,633492,NO,NO,NO,NO
12/8/22,647841604,809102,OTHER,NO,NO,NO
12/9/22,648512056,670452,NO,NO,NO,NO
12/10/22,648786733,274677,NO,NO,NO,NO
12/11/22,649085967,299234,NO,NO,NO,NO
12/12/22,649658720,572753,NO,NO,Weekly,YES
12/13/22,650436793,778073,OTHER,NO,NO,NO
12/14/22,651122541,685748,NO,NO,NO,NO
12/15/22,651873247,750706,OTHER,NO,NO,NO
12/16/22,652605304,732057,OTHER,NO,NO,NO
12/17/22,652905777,300473,NO,NO,NO,NO
12/18/22,653189501,283724,NO,NO,NO,NO
12/19/22,653775912,586411,OTHER,NO,Weekly,YES
12/20/22,654484792,708880,NO,NO,NO,NO
12/21/22,655205564,720772,NO,NO,NO,NO
12/22/22,655963530,757966,NO,NO,NO,NO
12/23/22,656604975,641445,NO,NO,NO,NO
12/24/22,656949354,344379,NO,NO,NO,NO
12/25/22,657135648,186294,NO,NO,NO,NO
12/26/22,657655053,519405,NO,NO,Weekly,YES
12/27/22,658309208,654155,NO,NO,NO,NO
12/28/22,658946340,637132,NO,NO,NO,NO
12/29/22,659617625,671285,NO,NO,NO,NO
12/30/22,660199728,582103,NO,NO,NO,NO
12/31/22,660463792,264064,NO,NO,NO,NO
1/1/23,660778387,314595,NO,NO,NO,NO
1/2/23,661198108,419721,NO,NO,Weekly,YES
1/3/23,661660893,462785,OTHER,NO,NO,NO
1/4/23,662231345,570452,NO,NO,NO,NO
1/5/23,662966595,735250,NO,NO,NO,NO
1/6/23,663685449,718854,NO,NO,NO,NO
1/7/23,664042494,357045,NO,NO,NO,NO
1/8/23,664369944,327450,NO,NO,NO,NO
1/9/23,664718936,348992,NO,NO,Weekly,YES
1/10/23,665113877,394941,NO,NO,NO,NO
1/11/23,665620426,506549,NO,NO,NO,NO
1/12/23,666097539,477113,OTHER,NO,NO,NO
1/13/23,666533383,435844,NO,NO,NO,NO
1/14/23,666754735,221352,OTHER,NO,NO,NO
1/15/23,666951599,196864,NO,NO,NO,NO
1/16/23,667166217,214618,NO,NO,Weekly,YES
1/17/23,667518310,352093,NO,NO,NO,NO
1/18/23,667896028,377718,OTHER,NO,NO,NO
1/19/23,668220526,324498,NO,NO,NO,NO
1/20/23,668562246,341720,NO,NO,NO,NO
1/21/23,668715650,153404,NO,NO,NO,NO
1/22/23,668830077,114427,NO,NO,NO,NO
1/23/23,669001131,171054,NO,NO,Weekly,YES
1/24/23,669272951,271820,NO,NO,NO,NO
1/25/23,669567171,294220,NO,NO,NO,NO
1/26/23,669848920,281749,NO,NO,NO,NO
1/27/23,670086844,237924,NO,NO,NO,NO
1/28/23,670220207,133363,NO,NO,NO,NO
1/29/23,670344054,123847,NO,NO,NO,NO
1/30/23,670503932,159878,NO,NO,Weekly,YES
1/31/23,670734589,230657,NO,NO,NO,NO
2/1/23,671032404,297815,NO,NO,NO,NO
2/2/23,671291489,259085,NO,NO,NO,NO
2/3/23,671529548,238059,NO,NO,NO,NO
2/4/23,671632287,102739,NO,NO,NO,NO
2/5/23,671721476,89189,NO,NO,NO,NO
2/6/23,671867463,145987,NO,NO,Weekly,YES
2/7/23,672065240,197777,NO,NO,NO,NO
2/8/23,672295338,230098,OTHER,NO,NO,NO
2/9/23,672554241,258903,OTHER,NO,NO,NO
2/10/23,672696324,142083,OTHER,NO,NO,NO
2/11/23,672828531,132207,OTHER,NO,NO,NO
2/12/23,672906177,77646,NO,NO,NO,NO
2/13/23,673044131,137954,NO,NO,Weekly,YES
2/14/23,673237731,193600,NO,NO,NO,NO
2/15/23,673477639,239908,NO,NO,NO,NO
2/16/23,673685532,207893,NO,NO,NO,NO
2/17/23,673878833,193301,OTHER,NO,NO,NO
2/18/23,673969796,90963,NO,NO,NO,NO
2/19/23,674056229,86433,NO,NO,NO,NO
2/20/23,674143589,87360,NO,NO,Weekly,YES
2/21/23,674323721,180132,NO,NO,NO,NO
2/22/23,674569824,246103,NO,NO,NO,NO
2/23/23,674790916,221092,NO,NO,NO,NO
2/24/23,674933342,142426,OTHER,NO,NO,NO
2/25/23,674978793,45451,OTHER,NO,NO,NO
2/26/23,675044414,65621,OTHER,NO,NO,NO
2/27/23,675171439,127025,NO,NO,Weekly,YES
2/28/23,675322238,150799,NO,NO,NO,NO
3/1/23,675542852,220614,NO,NO,NO,NO
3/2/23,675731911,189059,NO,NO,NO,NO
3/3/23,675914580,182669,NO,NO,NO,NO
3/4/23,675968775,54195,NO,NO,NO,NO
3/5/23,676024901,56126,NO,NO,NO,NO
3/6/23,676082941,58040,NO,NO,Weekly,YES
3/7/23,676213378,130437,NO,NO,NO,NO
3/8/23,676392824,179446,NO,NO,NO,NO
3/9/23,676570149,177325,NO,NO,NO,NO